<?xml version="1.0" encoding="utf-8"?>
<!--Generated with crowdin.net-->
<resources>
  <string name="CardEditorCancelButton">Cancel</string>
  <string name="CardEditorSaveButton">Save</string>
  <string name="app_name">Ankidroid</string>
  <string name="yes">Yes</string>
  <string name="no">No</string>
  <string name="deck_not_loaded">Failed to load deck.</string>
  <string name="deck_not_loaded_detail">Please, press menu and select one of the decks stored in your sd card.</string>
  <string name="deck_empty">Deck is empty.</string>
  <string name="card_template">&lt;html&gt;  &lt;head&gt;   &lt;link rel="stylesheet" type="text/css" href="file:///android_asset/flashcard_css" /&gt; &lt;/head&gt; &lt;body&gt;  &lt;span class="card"&gt; ::content:: &lt;/span&gt;  &lt;/body&gt; &lt;/html&gt;</string>
  <string name="deckpicker_title">Select a deck you copied to your SD card</string>
  <string name="deckpicker_title_nosdcard">SD card is unmounted</string>
  <string name="deckpicker_due">%1$d of %2$d due</string>
  <string name="deckpicker_new">%d new today</string>
  <string name="deckpicker_loaddeck">Loading deck...</string>
  <string name="deckpicker_nodeck">No decks found.</string>
  <string name="notify_ticker">Application Update</string>
  <string name="notify_title">Ankidroid Updated</string>
  <string name="notify_message">Download a new version</string>
  <string name="notification_title">Confirm Ankidroid Update</string>
  <string name="notification_message">A new version of Ankidroid is available in Android Market.\n\nWould you like to install it?</string>
  <string name="notification_stop">Don\'t notify me of this update again</string>
  <string name="sdcard_missing_message">SD card is unavailable because it is being used as USB storage. Disconnect USB to access your decks.</string>
  <string name="newcards_day_summ">The maximum number of new cards shown per day.</string>
  <string name="newcards_day">New Cards / Day</string>
  <string name="session_time_limit">Session Time Limit</string>
  <string name="session_time_limit_summ">The number of minutes in a session. Choose 0 for no limit.</string>
  <string name="session_question_limit">Session Question Limit</string>
  <string name="session_question_limit_summ">The number of questions in a session. Choose 0 for no limit.</string>
  <string name="new_cards_order">New Cards Order</string>
  <string name="new_cards_order_summ">The order in which to show new cards.</string>
  <string name="show_new_cards_in">Show new cards in...</string>
  <string name="new_card_spacing">New Card Spacing</string>
  <string name="new_card_spacing_summ">Where to distribute new cards during the review.</string>
  <string name="show_new_cards">Show new cards...</string>
  <string name="review_cards_order">Review Cards Order</string>
  <string name="review_cards_in">Review cards in...</string>
  <string name="review_cards_order_summ">The order in which to show review cards.</string>
  <string name="overlay_on">Whiteboard On</string>
  <string name="overlay_off">Whiteboard Off</string>
  <string name="show_answer">Show Answer</string>
  <string name="show_question">Show Question</string>
  <string name="card_hint">Flashcard</string>
  <string name="again">Again</string>
  <string name="hard">Hard</string>
  <string name="good">Good</string>
  <string name="easy">Easy</string>
  <string name="show_whiteboard">Show timer / whiteboard</string>
  <string name="show_whiteboard_summ">Lets you write on the screen</string>
  <string name="sample_deck">Sample deck</string>
  <string name="sample_deck_summ">Generate capitals deck if none found</string>
  <string name="corporal_punishments">Corporal punishments</string>
  <string name="corporal_punishments_summ">Vibrate on error, that will teach you</string>
  <string name="write_answers">Write answers</string>
  <string name="write_answers_summ">Lets you write the answer and compare it with the correct one</string>
  <string name="deck_path">Deck path</string>
  <string name="deck_path_summ">Path to where the your decks are stored</string>
  <string name="loading_new_card">Loading new card...</string>
  <string name="loading_deck">Loading deck. Please wait...</string>
  <string name="preferences">Preferences</string>
  <string name="about">About</string>
  <string name="study_options">Study Options</string>
  <string name="suspend">Suspend</string>
  <string name="edit_card">Edit Card</string>
  <string name="switch_another_deck">Switch to another deck</string>
  <string name="saving_changes">Saving changes...</string>
  <string name="session_question_limit_reached">Session question limit reached</string>
  <string name="session_time_limit_reached">Session time limit reached</string>
</resources>
