<?xml version="1.0" encoding="utf-8"?>
<!--Generated with crowdin.net-->
<resources>
  <string name="CardEditorCancelButton">Отмена</string>
  <string name="CardEditorSaveButton">Сохранить</string>
  <string name="app_name">Ankidroid</string>
  <string name="yes">Да</string>
  <string name="no">Нет</string>
  <string name="deck_not_loaded">Не удалось загрузить рабочую панель.</string>
  <string name="deck_not_loaded_detail">Пожалуйста, меню нажмите и выберите один из панели, хранящихся в Вашей SD карте.</string>
  <string name="deck_empty">Рабочая панель пуста.</string>
  <string name="card_template">&lt;html&gt; &lt;head&gt; &lt;link rel="stylesheet" type="text/css" href="file:///android_asset/flashcard_css" /&gt; &lt;/head&gt; &lt;body&gt; &lt;span class="card"&gt; ::content:: &lt;/span&gt; &lt;/body&gt; &lt;/html&gt;</string>
  <string name="deckpicker_title">Выберите рабочую панель которую вы скопировали на SD карту</string>
  <string name="deckpicker_title_nosdcard">SD карта размонтирована</string>
  <string name="deckpicker_due">%1$d of %2$d к получению</string>
  <string name="deckpicker_new">%d новых сегодня</string>
  <string name="deckpicker_loaddeck">Загрузка рабочей панели ...</string>
  <string name="deckpicker_nodeck">Не найдено ни одной рабочей панели.</string>
  <string name="notify_ticker">Обновление приложения</string>
  <string name="notify_title">Ankidroid обновлен</string>
  <string name="notify_message">Скачать новую версию</string>
  <string name="notification_title">Подтвердить обновление Ankidroid</string>
  <string name="notification_message">Новая версия Ankidroid доступна в Android Market. \n\nВы хотите его установить?</string>
  <string name="notification_stop">Не уведомлять меня об этом обновлении снова</string>
  <string name="sdcard_missing_message">SD-карта отсутствует, поскольку он используется в качестве хранилища USB. Отключите USB для доступа к рабочей панели.</string>
  <string name="newcards_day_summ">Максимальное количество новых карт, показано в день.</string>
  <string name="newcards_day">Новых карт в день</string>
  <string name="session_time_limit">Срок сеанса</string>
  <string name="session_time_limit_summ">Количество минут в сеансе. Выберите 0 для омены граничения.</string>
  <string name="session_question_limit">Лимит вопросов в сеансе</string>
  <string name="session_question_limit_summ">Количество вопросов в сеансе. Выберите 0 для отмены ограничения.</string>
  <string name="new_cards_order">Новый порядок карт</string>
  <string name="new_cards_order_summ">Порядок, в котором показать новые карты.</string>
  <string name="show_new_cards_in">Показать новые карты в...</string>
  <string name="new_card_spacing">Интервал новых карт</string>
  <string name="new_card_spacing_summ">Где можно распространять новые карты в ходе рассмотрения.</string>
  <string name="show_new_cards">Показать новые карты ...</string>
  <string name="review_cards_order">Порядок обзора карточек</string>
  <string name="review_cards_in">Обзор карточек в...</string>
  <string name="review_cards_order_summ">Порядок, в котором показать обзор карточек.</string>
  <string name="overlay_on">Доска включена</string>
  <string name="overlay_off">Доска отключена</string>
  <string name="show_answer">Показать ответ</string>
  <string name="show_question">Показать Вопрос</string>
  <string name="card_hint">Флеш-Карта</string>
  <string name="again">Снова</string>
  <string name="hard">Сложно</string>
  <string name="good">Хорошо</string>
  <string name="easy">Легко</string>
  <string name="show_whiteboard">Показать таймер / доска</string>
  <string name="show_whiteboard_summ">Позволяет писать на экране</string>
  <string name="sample_deck">Пример рабочей панели</string>
  <string name="sample_deck_summ">Генерировать главние рабочие панели, если нечего не найдено</string>
  <string name="corporal_punishments">Экзекуция</string>
  <string name="corporal_punishments_summ">Вибрировать при ошибке, что научит Вас</string>
  <string name="write_answers">Писать ответы</string>
  <string name="write_answers_summ">Позволяет вам написать ответ и сравнивать с правильными</string>
  <string name="deck_path">Путь рабочей панели</string>
  <string name="deck_path_summ">Путь к где хранятся ваши рабочие панели</string>
  <string name="loading_new_card">Загрузка новой карты...</string>
  <string name="loading_deck">Загрузка рабочей панели. Подождите...</string>
  <string name="preferences">Настройки</string>
  <string name="about">О программе</string>
  <string name="study_options">Функции Исследования</string>
  <string name="suspend">Приостановить</string>
  <string name="edit_card">Редактировать карты</string>
  <string name="switch_another_deck">Переключиться на другую рабочую панель</string>
  <string name="saving_changes">Сохранение изменений...</string>
  <string name="session_question_limit_reached">Достигнут лимит сеанса вопросов</string>
  <string name="session_time_limit_reached">Достигнут лимит сеанса</string>
</resources>
