<?xml version="1.0" encoding="utf-8"?>
<!--Generated with crowdin.net-->
<resources>
  <string name="CardEditorCancelButton">Cancelar</string>
  <string name="CardEditorSaveButton">Salvar</string>
  <string name="app_name">Ankidroid</string>
  <string name="yes">Sim</string>
  <string name="no">Não</string>
  <string name="deck_not_loaded">Falha ao carregar o deck.</string>
  <string name="deck_not_loaded_detail">Por favor, pressione menu e selecione um dos decks armazenados no seu cartão SD.</string>
  <string name="deck_empty">O deck está vazio.</string>
  <string name="card_template">&lt;html&gt; &lt;head&gt; &lt;link rel="stylesheet" type="text/css" href="file:///android_asset/flashcard_css" /&gt; &lt;/head&gt; &lt;body&gt; &lt;span class="card"&gt; ::content:: &lt;/span&gt; &lt;/body&gt; &lt;/html&gt;</string>
  <string name="deckpicker_title">Selecione um deck que você copiou para seu cartão SD.</string>
  <string name="deckpicker_title_nosdcard">O cartão SD está desmontado.</string>
  <string name="deckpicker_due">%1$d de %2$d programados </string>
  <string name="deckpicker_new">%d Novos hoje</string>
  <string name="deckpicker_loaddeck">Carregando Deck...</string>
  <string name="deckpicker_nodeck">Não foi encontrado nenhum deck.</string>
  <string name="notify_ticker">Atualização da Aplicação</string>
  <string name="notify_title">Ankidroid Atualizado</string>
  <string name="notify_message">Baixar uma nova versão</string>
  <string name="notification_title">Confirmar a atualização do Ankidroid</string>
  <string name="notification_message">A new version of Ankidroid is available in Android Market.\n\nGostaria de instala-la?</string>
  <string name="notification_stop">Não me avisar novamente sobre esse update.</string>
  <string name="sdcard_missing_message">O cartão SD está indisponível porque está sendo usado como armazenamento USB. Desconecte o USB para acessar os seus decks.</string>
  <string name="newcards_day_summ">O número máximo de cards mostrados por dia.</string>
  <string name="newcards_day">Novos Cards / Dia</string>
  <string name="session_time_limit">Limite de Tempo por Sessão</string>
  <string name="session_time_limit_summ">O número de minutos em uma sessão. Escolha 0 para sem limite.</string>
  <string name="session_question_limit">Limite de Questões por Sessão</string>
  <string name="session_question_limit_summ">O número de questões em uma sessão. Escolha 0 para sem limite.</string>
  <string name="new_cards_order">Ordem dos Novos Cards</string>
  <string name="new_cards_order_summ">A ordem da mostragem de novos cards.</string>
  <string name="show_new_cards_in">Mostrar novos cards em...</string>
  <string name="new_card_spacing">Intervalo de Novos Cards</string>
  <string name="new_card_spacing_summ">Como distribuir os novos cards pelas revisões.</string>
  <string name="show_new_cards">Mostrar novos cards...</string>
  <string name="review_cards_order">Ordem de Revisão dos Cards</string>
  <string name="review_cards_in">Revisar cards em...</string>
  <string name="review_cards_order_summ">A ordem em que serão mostrados os cards de revisão.</string>
  <string name="overlay_on">Whiteboard Ligado</string>
  <string name="overlay_off">Whiteboard Desligado</string>
  <string name="show_answer">Mostrar Resposta</string>
  <string name="show_question">Mostrar Questão</string>
  <string name="card_hint">Cartões de Memorização</string>
  <string name="again">De novo</string>
  <string name="hard">Difícil</string>
  <string name="good">Bom</string>
  <string name="easy">Fácil</string>
  <string name="show_whiteboard">Mostrar timer / whiteboard</string>
  <string name="show_whiteboard_summ">Te permite escrever na Tela</string>
  <string name="sample_deck">Deck de exemplo</string>
  <string name="sample_deck_summ">Gerar deck de capitais se nenhum deck for encontrado</string>
  <string name="corporal_punishments">Punições Corporais</string>
  <string name="corporal_punishments_summ">Vibrar ao errar, que te ensinará</string>
  <string name="write_answers">Escrita de Respostas</string>
  <string name="write_answers_summ">Te permite escrever as respostas e compara-las com a resposta correta</string>
  <string name="deck_path">Pasta dos Deck </string>
  <string name="deck_path_summ">Pasta onde seus decks são armazenados</string>
  <string name="loading_new_card">Carregando Card...</string>
  <string name="loading_deck">Carregando Deck. Por favor espere...</string>
  <string name="preferences">Preferências</string>
  <string name="about">Sobre</string>
  <string name="study_options">Opções de Estudo</string>
  <string name="suspend">Suspender</string>
  <string name="edit_card">Editar Card</string>
  <string name="switch_another_deck">Mudar para outro deck</string>
  <string name="saving_changes">Salvando Mudanças...</string>
  <string name="session_question_limit_reached">Limite de questões por sessão atingido</string>
  <string name="session_time_limit_reached">Limite de tempo por sessão atingido</string>
</resources>
