<?xml version="1.0" encoding="utf-8"?>
<!--Generated with crowdin.net-->
<resources>
  <string name="CardEditorCancelButton">Ακύρωση</string>
  <string name="CardEditorSaveButton">Αποθήκευση</string>
  <string name="app_name">AnkiDroid</string>
  <string name="yes">Ναι</string>
  <string name="no">Όχι</string>
  <string name="deck_not_loaded">Αποτυχία φόρτωσης τράπουλας.</string>
  <string name="deck_not_loaded_detail">Παρακαλούμε, πατήστε μενού και επιλέξτε μία από τις τράπουλες που βρίσκονται στην SD κάρτα σας.</string>
  <string name="deck_empty">Η τράπουλα είναι άδεια.</string>
  <string name="card_template">&lt;html&gt;  &lt;head&gt;   &lt;link rel="stylesheet" type="text/css" href="file:///android_asset/flashcard_css" /&gt; &lt;/head&gt; &lt;body&gt;  &lt;span class="card"&gt; ::content:: &lt;/span&gt;  &lt;/body&gt; &lt;/html&gt;</string>
  <string name="deckpicker_title">Επιλέξτε την τράπουλα που αντιγράψατε στην SD κάρτα σας</string>
  <string name="deckpicker_title_nosdcard">Η SD κάρτα δεν είναι προσαρτημένη</string>
  <string name="deckpicker_due">%1$d από %2$d σε αναμονή</string>
  <string name="deckpicker_new">%d νέες σήμερα</string>
  <string name="deckpicker_loaddeck">Φόρτωση τράπουλας...</string>
  <string name="deckpicker_nodeck">Δεν βρέθηκαν τράπουλες.</string>
  <string name="notify_ticker">Ανανέωση εφαρμογής</string>
  <string name="notify_title">Το AnkiDroid ανανεώθηκε</string>
  <string name="notify_message">Κατεβάστε τη νέα έκδοση</string>
  <string name="notification_title">Επιβεβαιώστε την ανανέωση του AnkiDroid</string>
  <string name="notification_message">Η νέα έκδοση του AnkiDroid είναι διαθέσιμη στην Αγορά Android.\n\nΘα θέλατε να την εγκαταστήσετε;</string>
  <string name="notification_stop">Μην με ενημερώσετε ξανά για αυτή την ανανέωση</string>
  <string name="sdcard_missing_message">Η SD κάρτα δεν είναι διαθέσιμη επειδή χρησιμοποιείται για αποθήκευση μέσω USB. Αποσυνδέστε την USB για να αποκτήσετε πρόσβαση στις τράπουλές σας.</string>
  <string name="newcards_day_summ">Μέγιστος αριθμός νέων καρτών που εμφανίζονται ανά μέρα.</string>
  <string name="newcards_day">Νέες Κάρτες / Ημέρα</string>
  <string name="session_time_limit">Χρονικό Όριο Μελέτης</string>
  <string name="session_time_limit_summ">Ο αριθμός χρονικών λεπτών ανά περίοδο μελέτης. Επιλέξτε 0 για κανένα όριο.</string>
  <string name="session_question_limit">Όριο Ερωτήσεων Μελέτης</string>
  <string name="session_question_limit_summ">Αριθμός ερωτήσεων ανά περίοδο μελέτης. Επιλέξτε 0 για κανένα όριο.</string>
  <string name="new_cards_order">Σειρά Νέων Καρτών</string>
  <string name="new_cards_order_summ">Η σειρά με την οποία να εμφανίζονται οι νέες κάρτες.</string>
  <string name="show_new_cards_in">Εμφάνιση νέων καρτών με...</string>
  <string name="new_card_spacing">Κατανομή Νέων Καρτών</string>
  <string name="new_card_spacing_summ">Πού να γίνει η κατανομή των νέων καρτών σε σχέση με τις επαναλήψεις.</string>
  <string name="show_new_cards">Εμφάνιση νέων καρτών...</string>
  <string name="review_cards_order">Σειρά Επανάληψης Καρτών</string>
  <string name="review_cards_in">Επαναλάβατε τις κάρτες με...</string>
  <string name="review_cards_order_summ">Η σειρά με την οποία να εμφανίζονται οι κάρτες προς επανάληψη.</string>
  <string name="overlay_on">Ενεργοποίηση Πρόχειρου</string>
  <string name="overlay_off">Απενεργοποίηση Πρόχειρου</string>
  <string name="show_answer">Εμφάνιση Απάντησης</string>
  <string name="show_question">Εμφάνιση Ερώτησης</string>
  <string name="card_hint">Κάρτα</string>
  <string name="again">Ξανά</string>
  <string name="hard">Δύσκολη</string>
  <string name="good">Καλή</string>
  <string name="easy">Εύκολη</string>
  <string name="show_whiteboard">Εμφάνιση χρόνου / πρόχειρου</string>
  <string name="show_whiteboard_summ">Σας επιτρέπει να γράψετε στην οθόνη</string>
  <string name="sample_deck">Τράπουλα δείγμα</string>
  <string name="sample_deck_summ">Δημιουργία τράπουλας με πρωτεύουσες, αν δεν βρεθεί καμμία τράπουλα</string>
  <string name="corporal_punishments">Σωματικές ποινές</string>
  <string name="corporal_punishments_summ">Δόνηση σε περίπτωση σφάλματος, αυτό θα σας δείξει</string>
  <string name="write_answers">Εγγραφή απαντήσεων</string>
  <string name="write_answers_summ">Σας επιτρέπει να να γράψετε απαντήσεις στην οθόνη και να συγκρίνετε με τη σωστή</string>
  <string name="deck_path">Διαδρομή για τράπουλες</string>
  <string name="deck_path_summ">Διαδρομή που είναι αποθηκευμένες οι τράπουλές σας</string>
  <string name="loading_new_card">Φόρτωση νέας κάρτας...</string>
  <string name="loading_deck">Φόρτωση τράπουλας. Παρακαλώ περιμένετε...</string>
  <string name="preferences">Επιλογές</string>
  <string name="about">Σχετικά</string>
  <string name="study_options">Επιλογές Μελέτης</string>
  <string name="suspend">Αναστολή</string>
  <string name="edit_card">Προσαρμογή Κάρτας</string>
  <string name="switch_another_deck">Αλλαγή σε άλλη τράπουλα</string>
  <string name="saving_changes">Αποθήκευση αλλαγών...</string>
  <string name="session_question_limit_reached">Φτάσατε το όριο ερωτήσεων ανά μελέτη</string>
  <string name="session_time_limit_reached">Φτάσατε το χρονικό όριο ανά μελέτη</string>
</resources>
