<?xml version="1.0" encoding="utf-8"?>
<!--Generated with crowdin.net-->
<resources>
  <string name="CardEditorCancelButton">Cancelar</string>
  <string name="CardEditorSaveButton">Guardar</string>
  <string name="app_name">Ankidroid</string>
  <string name="yes">Sí</string>
  <string name="no">No</string>
  <string name="deck_not_loaded">Error al cargar el mazo.</string>
  <string name="deck_not_loaded_detail">Por favor, pulse el menú y seleccione uno de los mazos almacenados en su tarjeta SD.</string>
  <string name="deck_empty">El mazo está vacío.</string>
  <string name="card_template">&lt;html&gt; &lt;head&gt; &lt;link rel="stylesheet" type="text/css" href="file:///android_asset/flashcard_css" /&gt; &lt;/head&gt; &lt;body&gt; &lt;span class="card"&gt; ::content:: &lt;/span&gt; &lt;/body&gt; &lt;/html&gt;</string>
  <string name="deckpicker_title">Seleccione un mazo de su tarjeta SD</string>
  <string name="deckpicker_title_nosdcard">La tarjeta SD no está disponible</string>
  <string name="deckpicker_due">%1$d de %2$d pendientes</string>
  <string name="deckpicker_new">%d nuevas hoy</string>
  <string name="deckpicker_loaddeck">Cargando mazo...</string>
  <string name="deckpicker_nodeck">No se ha encontrado ningún mazo.</string>
  <string name="notify_ticker">Actualización de la aplicación</string>
  <string name="notify_title">Ankidroid actualizado</string>
  <string name="notify_message">Descargar una nueva versión</string>
  <string name="notification_title">Confirmar la actualización de Ankidroid</string>
  <string name="notification_message">Una nueva versión de Ankidroid se encuentra disponible en el Android Market.\n\n¿Quieres descargarla?</string>
  <string name="notification_stop">No volver a notificarme acerca de esta actualización</string>
  <string name="sdcard_missing_message">La tarjeta SD no se encuentra disponible porque está siendo usada como almacenamiento via USB. Desconecta el USB para acceder a tus mazos.</string>
  <string name="newcards_day_summ">El número máximo de tarjetas nuevas mostradas per día.</string>
  <string name="newcards_day">Nuevas tarjetas / día</string>
  <string name="session_time_limit">Límite de tiempo por sesión</string>
  <string name="session_time_limit_summ">El número de minutos en una sesión. Escoge 0 si no deseas ningún límite.</string>
  <string name="session_question_limit">Límite de preguntas por sesión</string>
  <string name="session_question_limit_summ">El número de preguntas en una sesión. Escoge 0 si no deseas ningún límite.</string>
  <string name="new_cards_order">Orden tarjetas nuevas</string>
  <string name="new_cards_order_summ">El orden en el que mostrar las tarjetas nuevas.</string>
  <string name="show_new_cards_in">Mostrar tarjetas nuevas en...</string>
  <string name="new_card_spacing">Distribución tarjetas nuevas</string>
  <string name="new_card_spacing_summ">Cómo distribuir las tarjetas nuevas durante la sesión.</string>
  <string name="show_new_cards">Mostrar tarjetas nuevas en...</string>
  <string name="review_cards_order">Orden tarjetas a repasar</string>
  <string name="review_cards_in">Repasar tarjetas en...</string>
  <string name="review_cards_order_summ">El orden en el que mostrar las tarjetas a repasar.</string>
  <string name="overlay_on">Pizarra activada</string>
  <string name="overlay_off">Pizarra desactivada</string>
  <string name="show_answer">Mostrar respuesta</string>
  <string name="show_question">Mostrar pregunta</string>
  <string name="card_hint">Flashcard</string>
  <string name="again">Otra vez</string>
  <string name="hard">Difícil</string>
  <string name="good">Bien</string>
  <string name="easy">Fácil</string>
  <string name="show_whiteboard">Mostrar temporizador / pizarra</string>
  <string name="show_whiteboard_summ">Te permite escribir en la pantalla</string>
  <string name="sample_deck">Mazo de muestra</string>
  <string name="sample_deck_summ">Genera mazo de capitales si no encontrado</string>
  <string name="corporal_punishments">Castigos corporales</string>
  <string name="corporal_punishments_summ">Vibra al fallar, así aprenderás</string>
  <string name="write_answers">Escribir respuestas</string>
  <string name="write_answers_summ">Te permite escribir la respuesta y compararla con la solución correcta</string>
  <string name="deck_path">Directorio mazos</string>
  <string name="deck_path_summ">Directorio donde tus mazos están almacenados</string>
  <string name="loading_new_card">Cargando nueva tarjeta...</string>
  <string name="loading_deck">Cargando mazo. Por favor, espere...</string>
  <string name="preferences">Preferencias</string>
  <string name="about">Acerca de</string>
  <string name="study_options">Opciones de estudio</string>
  <string name="suspend">Suspender</string>
  <string name="edit_card">Editar tarjeta</string>
  <string name="switch_another_deck">Cambiar a otro mazo</string>
  <string name="saving_changes">Guardando cambios...</string>
  <string name="session_question_limit_reached">Se ha alcanzado el límite de preguntas de la sesión</string>
  <string name="session_time_limit_reached">Se ha alcanzado el límite de tiempo de la sesión</string>
</resources>
