<?xml version="1.0" encoding="utf-8"?>
<!--Generated with crowdin.net-->
<resources>
  <string name="CardEditorCancelButton">Abbrechen</string>
  <string name="CardEditorSaveButton">Speichern</string>
  <string name="app_name">Ankidroid</string>
  <string name="yes">Ja</string>
  <string name="no">Nein</string>
  <string name="deck_not_loaded">Fehler beim Laden des Stapels.</string>
  <string name="deck_not_loaded_detail">Please, press menu and select one of the decks stored in your sd card.</string>
  <string name="deck_empty">Stapel ist leer.</string>
  <string name="card_template">&lt;html&gt; &lt;head&gt; &lt;link rel="stylesheet" type="text/css" href="file:///android_asset/flashcard_css" /&gt; &lt;/head&gt; &lt;body&gt; &lt;span class="card"&gt; ::content:: &lt;/span&gt; &lt;/body&gt; &lt;/html&gt;</string>
  <string name="deckpicker_title">Select a deck you copied to your SD card</string>
  <string name="deckpicker_title_nosdcard">SD-Karte ist ausgehängt</string>
  <string name="deckpicker_due">%1$d of %2$d due</string>
  <string name="deckpicker_new">%d neue heute</string>
  <string name="deckpicker_loaddeck">Deck wird geladen...</string>
  <string name="deckpicker_nodeck">Keine Decks gefunden.</string>
  <string name="notify_ticker">Application Update</string>
  <string name="notify_title">Ankidroid Updated</string>
  <string name="notify_message">Eine neue Version herunterladen</string>
  <string name="notification_title">Ankidroid Update bestätigen</string>
  <string name="notification_message">Eine neue Version von Ankidroid ist im Android Market verfügbar. \ N \ nMöchten Sie diese installieren?</string>
  <string name="notification_stop">Don\'t notify me of this update again</string>
  <string name="sdcard_missing_message">SD card is unavailable because it is being used as USB storage. Disconnect USB to access your decks.</string>
  <string name="newcards_day_summ">The maximum number of new cards shown per day.</string>
  <string name="newcards_day">Neue Karten pro Tag</string>
  <string name="session_time_limit">Zeitlimit der Sitzung</string>
  <string name="session_time_limit_summ">The number of minutes in a session. Choose 0 for no limit.</string>
  <string name="session_question_limit">Session Question Limit</string>
  <string name="session_question_limit_summ">The number of questions in a session. Choose 0 for no limit.</string>
  <string name="new_cards_order">Reihenfolge neuer Karten</string>
  <string name="new_cards_order_summ">Reihenfolge in der neue Karten gezeigt werden sollen.</string>
  <string name="show_new_cards_in">Zeige neue Karten in...</string>
  <string name="new_card_spacing">New Card Spacing</string>
  <string name="new_card_spacing_summ">Where to distribute new cards during the review.</string>
  <string name="show_new_cards">Zeige neue Karten ...</string>
  <string name="review_cards_order">Review Cards Order</string>
  <string name="review_cards_in">Review cards in...</string>
  <string name="review_cards_order_summ">Die Reihenfolge in der Karten anzeigt werden sollen.</string>
  <string name="overlay_on">Whiteboard auf</string>
  <string name="overlay_off">Whiteboard aus</string>
  <string name="show_answer">Antwort anzeigen</string>
  <string name="show_question">Frage anzeigen</string>
  <string name="card_hint">Flashcard</string>
  <string name="again">Wieder</string>
  <string name="hard">Schwer</string>
  <string name="good">Gut</string>
  <string name="easy">Einfach</string>
  <string name="show_whiteboard">Timer / Whiteboard anzeigen</string>
  <string name="show_whiteboard_summ">Lets you write on the screen</string>
  <string name="sample_deck">Beispielstapel</string>
  <string name="sample_deck_summ">Hauptstadtkartenstapel generieren falls keine gefunden wurden</string>
  <string name="corporal_punishments">Körperstrafen</string>
  <string name="corporal_punishments_summ">Vibrate on error, that will teach you</string>
  <string name="write_answers">Antworten schreiben</string>
  <string name="write_answers_summ">Lets you write the answer and compare it with the correct one</string>
  <string name="deck_path">Stapelverzeichnis</string>
  <string name="deck_path_summ">Verzeichnis in dem Stapel gespeichert werden</string>
  <string name="loading_new_card">Neue Karte wird geladen...</string>
  <string name="loading_deck">Stapel wird geladen. Bitte warten...</string>
  <string name="preferences">Einstellungen</string>
  <string name="about">Über</string>
  <string name="study_options">Lernoptionen</string>
  <string name="suspend">Suspend</string>
  <string name="edit_card">Karte bearbeiten</string>
  <string name="switch_another_deck">Zu einem anderen Stapel wechseln</string>
  <string name="saving_changes">Änderungen werden gespeichert...</string>
  <string name="session_question_limit_reached">Sitzungsfragelimit erreicht</string>
  <string name="session_time_limit_reached">Sitzungszeitlimit erreicht</string>
</resources>
