<?xml version="1.0" encoding="utf-8"?>
<!--Generated with crowdin.net-->
<resources>
  <string name="CardEditorCancelButton">Cancel·lar</string>
  <string name="CardEditorSaveButton">Desar</string>
  <string name="app_name">Ankidroid</string>
  <string name="yes">Si</string>
  <string name="no">No</string>
  <string name="deck_not_loaded">Error al carregar la baralla.</string>
  <string name="deck_not_loaded_detail">Si us plau, pulsi el menú i seleccioni una de les baralles emmagatzemades a la seva targeta SD.</string>
  <string name="deck_empty">La baralla està buida.</string>
  <string name="card_template">&lt;html&gt;  &lt;head&gt;   &lt;link rel="stylesheet" type="text/css" href="file:///android_asset/flashcard_css" /&gt; &lt;/head&gt; &lt;body&gt;  &lt;span class="card"&gt; ::content:: &lt;/span&gt;  &lt;/body&gt; &lt;/html&gt;</string>
  <string name="deckpicker_title">Seleccioni una baralla de la seva targeta SD.</string>
  <string name="deckpicker_title_nosdcard">La targeta SD no està disponible</string>
  <string name="deckpicker_due">%1$d de %2$d pendents</string>
  <string name="deckpicker_new">%d noves avui</string>
  <string name="deckpicker_loaddeck">Carregant baralla...</string>
  <string name="deckpicker_nodeck">No s\'ha trobat cap baralla.</string>
  <string name="notify_ticker">Actualització de l'aplicació</string>
  <string name="notify_title">Ankidroid actualitzat</string>
  <string name="notify_message">Descarregar una nova versió</string>
  <string name="notification_title">Confirmar l\'actualització d'Ankidroid</string>
  <string name="notification_message">Una nova versió d\'Ankidroid està disponible a l\'Android Market.\n\nVols descarregar-la?</string>
  <string name="notification_stop">No tornar a notificar-me sobre aquesta actualització</string>
  <string name="sdcard_missing_message">La targeta SD no es troba disponible perquè està sent utilitzada com a emmagatzematge via USB. Desconnecta l'USB per accedir a les teves baralles.</string>
  <string name="newcards_day_summ">El nombre màxim de targetes noves mostrades per dia.</string>
  <string name="newcards_day">Noves targetes / dia</string>
  <string name="session_time_limit">Límit de temps per sessió</string>
  <string name="session_time_limit_summ">El nombre de minuts en una sessió. Tria 0 si no vols cap límit.</string>
  <string name="session_question_limit">Límit de preguntes per sessió</string>
  <string name="session_question_limit_summ">El nombre de preguntes en una sessió. Tria 0 si no vols cap límit.</string>
  <string name="new_cards_order">Ordre targetes noves</string>
  <string name="new_cards_order_summ">L\'ordre en el que mostrar les targetes noves.</string>
  <string name="show_new_cards_in">Mostrar targetes noves en...</string>
  <string name="new_card_spacing">Distribució targetes noves</string>
  <string name="new_card_spacing_summ">Com distribuir les targetes noves durant la sessió.</string>
  <string name="show_new_cards">Mostrar targetes noves en...</string>
  <string name="review_cards_order">Ordre targetes a repassar</string>
  <string name="review_cards_in">Repassar targetes en...</string>
  <string name="review_cards_order_summ">L\'ordre en el que mostrar les targetes a repassar.</string>
  <string name="overlay_on">Pissarra activada</string>
  <string name="overlay_off">Pissarra desactivada</string>
  <string name="show_answer">Mostrar resposta</string>
  <string name="show_question">Mostrar pregunta</string>
  <string name="card_hint">Flashcard</string>
  <string name="again">Un altre cop</string>
  <string name="hard">Difícil</string>
  <string name="good">Bé</string>
  <string name="easy">Fàcil</string>
  <string name="show_whiteboard">Mostrar temporitzador / pissarra</string>
  <string name="show_whiteboard_summ">Et permet escriure a la pantalla</string>
  <string name="sample_deck">Baralla de mostra</string>
  <string name="sample_deck_summ">Genera baralla de capitals si no trobada</string>
  <string name="corporal_punishments">Càstigs corporals</string>
  <string name="corporal_punishments_summ">Vibra al fallar, així n\'apendràs</string>
  <string name="write_answers">Escriure respostes</string>
  <string name="write_answers_summ">Et permet escriure la resposta i comparar-la amb la solució correcta</string>
  <string name="deck_path">Directori baralles</string>
  <string name="deck_path_summ">Directori on les teves baralles es troben emmagatzemades</string>
  <string name="loading_new_card">Carregant nova targeta...</string>
  <string name="loading_deck">Carregant baralla. Si us plau, esperi...</string>
  <string name="preferences">Preferències</string>
  <string name="about">Sobre</string>
  <string name="study_options">Opcions d\'estudi</string>
  <string name="suspend">Suspendre</string>
  <string name="edit_card">Editar targeta</string>
  <string name="switch_another_deck">Canviar a una altra baralla</string>
  <string name="saving_changes">Desant canvis...</string>
  <string name="session_question_limit_reached">S'ha arribat al límit de preguntes de la sessió</string>
  <string name="session_time_limit_reached">S'ha arribat al límit de temps de la sessió</string>
</resources>
