<?xml version="1.0" encoding="utf-8"?>
<!--Generated with crowdin.net-->
<resources>
  <string name="CardEditorCancelButton">Anuluj</string>
  <string name="CardEditorSaveButton">Zapisz</string>
  <string name="app_name">Ankidroid</string>
  <string name="yes">Tak</string>
  <string name="no">Nie</string>
  <string name="deck_not_loaded">Nie udało się załadować talii.</string>
  <string name="deck_not_loaded_detail">Proszę naciśnij menu i wybierz jedną z talii, przechowywaną na Twojej kartcie SD.</string>
  <string name="deck_empty">Talia jest pusta.</string>
  <string name="card_template">&lt;html&gt;&lt;head&gt;&lt;link rel="stylesheet" type="text/css" href="file:///android_asset/flashcard_css" /&gt;&lt;/head&gt;&lt;body&gt; &lt;span class="card"&gt;::Zawartość::&lt;/span&gt; &lt;/body&gt;&lt;/html&gt;</string>
  <string name="deckpicker_title">Wybierz talię skopiowaną na Twoją kartę SD</string>
  <string name="deckpicker_title_nosdcard">Karta SD jest niezainstalowana</string>
  <string name="deckpicker_due">%1$d z %2$d zaległych</string>
  <string name="deckpicker_new">%d nowe dzisiaj</string>
  <string name="deckpicker_loaddeck">Ładowanie talii...</string>
  <string name="deckpicker_nodeck">Nie znaleziono talii.</string>
  <string name="notify_ticker">Aktualizacja aplikacji</string>
  <string name="notify_title">Ankidroid zaktualizowany</string>
  <string name="notify_message">Pobierz nową wersję</string>
  <string name="notification_title">Potwierdź aktualizację Ankidroid</string>
  <string name="notification_message">Nowa wersja Ankidroid jest dostępna w Android Market.\n\n Czy chcesz ją zainstalować?</string>
  <string name="notification_stop">Nie informuj mnie ponownie o tej aktualizacji</string>
  <string name="sdcard_missing_message">Karta SD jest niedostępna, ponieważ jest ona używana jako pamięć masowa USB. Odłącz USB, aby uzyskać dostęp do Twoich talii.</string>
  <string name="newcards_day_summ">Maksymalna dzienna liczba nowych kart.</string>
  <string name="newcards_day">Nowe karty / Dzień</string>
  <string name="session_time_limit">Limit czasu sesji</string>
  <string name="session_time_limit_summ">Liczba minut w sesji. Wybierz 0 dla braku limitu.</string>
  <string name="session_question_limit">Limit pytań w sesji</string>
  <string name="session_question_limit_summ">Liczba pytań w sesji. Wybierz 0 dla braku limitu.</string>
  <string name="new_cards_order">Kolejność nowych kart</string>
  <string name="new_cards_order_summ">Kolejność, w której mają być wyświetlane nowe karty.</string>
  <string name="show_new_cards_in">Pokaż nowe karty w. ..</string>
  <string name="new_card_spacing">Przerwa w nowych kartach</string>
  <string name="new_card_spacing_summ">Gdzie rozłożyć nowe karty podczas przeglądu.</string>
  <string name="show_new_cards">Pokaż nowe karty ...</string>
  <string name="review_cards_order">Kolejność przeglądania kart</string>
  <string name="review_cards_in">Przeglądanie kart w...</string>
  <string name="review_cards_order_summ">Kolejność, w której mają być wyświetlane przeglądane karty.</string>
  <string name="overlay_on">Tablica włączona</string>
  <string name="overlay_off">Tablica wyłączona</string>
  <string name="show_answer">Pokaż Odpowiedź</string>
  <string name="show_question">Pokaż Pytanie</string>
  <string name="card_hint">Karta</string>
  <string name="again">Ponownie</string>
  <string name="hard">Trudna</string>
  <string name="good">Dobra</string>
  <string name="easy">Łatwa</string>
  <string name="show_whiteboard">Pokaż zegar / tablicę</string>
  <string name="show_whiteboard_summ">Umożliwia pisanie na ekranie</string>
  <string name="sample_deck">Przykładowa talia</string>
  <string name="sample_deck_summ">Generowanie głównej talii jeśli inna nie została znaleziona</string>
  <string name="corporal_punishments">Kara cielesna</string>
  <string name="corporal_punishments_summ">Wibracja podczas błędu, to Cię nauczy</string>
  <string name="write_answers">Napisz odpowiedzi</string>
  <string name="write_answers_summ">Pozwala napisać odpowiedź i porównać ją z właściwą</string>
  <string name="deck_path">Ścieżka talii</string>
  <string name="deck_path_summ">Ścieżka do miejsca w której Twoje talie są przechowywane</string>
  <string name="loading_new_card">Ładowanie nowej karty ...</string>
  <string name="loading_deck">Ładowanie talii. Proszę czekać...</string>
  <string name="preferences">Preferencje</string>
  <string name="about">O programie</string>
  <string name="study_options">Opcje nauki</string>
  <string name="suspend">Zawieś</string>
  <string name="edit_card">Edytuj kartę</string>
  <string name="switch_another_deck">Przełącz się do innej talii</string>
  <string name="saving_changes">Trwa zapisywanie zmian...</string>
  <string name="session_question_limit_reached">Osiągnięto limit pytań w sesji</string>
  <string name="session_time_limit_reached">Osiągnięto limit czasu w sesji</string>
</resources>
