<?xml version="1.0" encoding="utf-8"?>
<!--Generated with crowdin.net-->
<resources>
  <string name="CardEditorCancelButton">Annuler</string>
  <string name="CardEditorSaveButton">Enregistrer</string>
  <string name="app_name">AnkiDroid</string>
  <string name="yes">Oui</string>
  <string name="no">Non</string>
  <string name="deck_not_loaded">Le chargement du paquet a échoué.</string>
  <string name="deck_not_loaded_detail">Pressez "MENU" et sélectionnez un des paquets stockés sur votre carte SD.</string>
  <string name="deck_empty">Le paquet est vide.</string>
  <string name="card_template">&lt;html&gt;  &lt;head&gt;   &lt;link rel="stylesheet" type="text/css" href="file:///android_asset/flashcard_css" /&gt; &lt;/head&gt; &lt;body&gt;  &lt;span class="card"&gt; ::content:: &lt;/span&gt;  &lt;/body&gt; &lt;/html&gt;</string>
  <string name="deckpicker_title">Sélectionnez un des paquets stockés sur votre carte SD</string>
  <string name="deckpicker_title_nosdcard">La carte SD n'est pas montée</string>
  <string name="deckpicker_due">%1$d parmi %2$d dûes</string>
  <string name="deckpicker_new">%d nouvelles aujourd\'hui</string>
  <string name="deckpicker_loaddeck">Chargement du paquet...</string>
  <string name="deckpicker_nodeck">Pas de paquets trouvés.</string>
  <string name="notify_ticker">Mise à jour de l\'application</string>
  <string name="notify_title">Ankidroid mis à jour</string>
  <string name="notify_message">Télécharger une nouvelle version</string>
  <string name="notification_title">Confirmer la mise à jour d\'AnkiDroid</string>
  <string name="notification_message">Une nouvelle version d\'AnkiDroid est disponible sur Android Market.\n\nVoulez-vous l\'installer ?</string>
  <string name="notification_stop">Ne plus me prévenir de cette mise à jour</string>
  <string name="sdcard_missing_message">La carte SD n\'est pas disponible car elle est connectée en USB. Déconnectez l\'USB pour accéder aux paquets.</string>
  <string name="newcards_day_summ">Le nombre maximal de nouvelles cartes par jour.</string>
  <string name="newcards_day">Nouvelles cartes par jour</string>
  <string name="session_time_limit">Durée maximale d'une session</string>
  <string name="session_time_limit_summ">La durée maximale d'une session. 0 pour illimité.</string>
  <string name="session_question_limit">Nombre max de questions par session</string>
  <string name="session_question_limit_summ">Le nombre maximal de question dans une session. 0 pour illimité.</string>
  <string name="new_cards_order">Ordre des nouvelles cartesNew Cards Order</string>
  <string name="new_cards_order_summ">L'ordre dans lequel les nouvelles cartes apparaissent.</string>
  <string name="show_new_cards_in">Montrer les nouvelles cartes dans...</string>
  <string name="new_card_spacing">New Card Spacing</string>
  <string name="new_card_spacing_summ">Comment distribuer les nouvelles cartes parmi les révisions.</string>
  <string name="show_new_cards">Montrer les nouvelles cartes...</string>
  <string name="review_cards_order">Ordre des révisions</string>
  <string name="review_cards_in">Réviser les cartes dans...</string>
  <string name="review_cards_order_summ">L'ordre dans lequel les cartes à réviser apparaissent.</string>
  <string name="overlay_on">Whiteboard activé</string>
  <string name="overlay_off">Whiteboard desactivé</string>
  <string name="show_answer">Voir Réponse</string>
  <string name="show_question">Voir Question</string>
  <string name="card_hint">Carte</string>
  <string name="again">Encore</string>
  <string name="hard">Difficile</string>
  <string name="good">Bon</string>
  <string name="easy">Facile</string>
  <string name="show_whiteboard">Afficher timer/whiteboard</string>
  <string name="show_whiteboard_summ">Vous permet d\'écrire sur l\'écran</string>
  <string name="sample_deck">Exemple de paquet</string>
  <string name="sample_deck_summ">Générer le paquet des capitales si aucun paquet trouvé</string>
  <string name="corporal_punishments">Châtiments corporels</string>
  <string name="corporal_punishments_summ">Vibrer en cas d'erreur, ça vous apprendra</string>
  <string name="write_answers">Écrire les réponses</string>
  <string name="write_answers_summ">Vous permet d'écrire la réponse et la comparer avec la bonne</string>
  <string name="deck_path">Chemin d'accès au paquet</string>
  <string name="deck_path_summ">Chemin où vos paquets sont stockés</string>
  <string name="loading_new_card">Chargement d'une nouvelle carte...</string>
  <string name="loading_deck">Chargement du paquet. Veuillez patienter...</string>
  <string name="preferences">Préférences</string>
  <string name="about">À propos</string>
  <string name="study_options">Options d'étude</string>
  <string name="suspend">Suspendre</string>
  <string name="edit_card">Modifier la carte</string>
  <string name="switch_another_deck">Basculer vers un autre paquet</string>
  <string name="saving_changes">Enregistrement des modifications...</string>
  <string name="session_question_limit_reached">Limite de questions par session atteinte</string>
  <string name="session_time_limit_reached">Temps limite de session atteint</string>
</resources>
